,PLAYER,POSITION,TEAM,GP,MPG,PTS,FGM-FGA,FG%,3PM-3PA,3P%,FTM-FTA,FT%,AST,APG,TO,TOPG,AP48M,AST/TO
0,Russell Westbrook,PG,OKC,67,34.4,28.1,9.4-22.0,.426,1.3-4.3,.299,8.1-9.8,.835,574,8.6,293,4.4,12.0,1.96
1,James Harden,SG,HOU,81,36.8,27.4,8.0-18.1,.440,2.6-6.9,.375,8.8-10.2,.868,565,7.0,321,4.0,9.1,1.76
2,Kevin Durant,SF,OKC,27,33.8,25.4,8.8-17.3,.510,2.4-5.9,.403,5.4-6.3,.854,110,4.1,74,2.7,5.8,1.49
3,LeBron James,SF,CLE,69,36.1,25.3,9.0-18.5,.488,1.7-4.9,.354,5.4-7.7,.710,511,7.4,272,3.9,9.8,1.88
4,Anthony Davis,PF,NO,68,36.1,24.4,9.4-17.6,.535,0.0-0.2,.083,5.5-6.8,.805,149,2.2,95,1.4,2.9,1.57
5,Carmelo Anthony,SF,NY,40,35.7,24.2,9.0-20.2,.444,1.5-4.5,.341,4.7-5.9,.797,122,3.1,89,2.2,4.1,1.37
6,DeMarcus Cousins,PF,SAC,59,34.1,24.1,8.4-18.1,.467,0.0-0.1,.250,7.2-9.2,.782,210,3.6,254,4.3,5.0,0.83
7,Stephen Curry,PG,GS,80,32.7,23.8,8.2-16.8,.487,3.6-8.1,.443,3.9-4.2,.914,619,7.7,249,3.1,11.4,2.49
8,LaMarcus Aldridge,PF,POR,71,35.4,23.4,9.3-19.9,.466,0.5-1.5,.352,4.3-5.1,.845,124,1.7,122,1.7,2.4,1.02
9,Kobe Bryant,SF,LAL,35,34.5,22.3,7.6-20.4,.373,1.5-5.3,.293,5.6-6.9,.813,197,5.6,128,3.7,7.8,1.54
10,Blake Griffin,PF,LAC,67,35.2,21.9,8.6-17.1,.502,0.1-0.4,.400,4.6-6.4,.728,354,5.3,152,2.3,7.2,2.33
11,Kyrie Irving,PG,CLE,75,36.4,21.7,7.7-16.5,.468,2.1-5.0,.415,4.2-4.9,.863,389,5.2,186,2.5,6.8,2.09
12,Klay Thompson,SG,GS,77,31.9,21.7,7.8-16.9,.463,3.1-7.1,.439,2.9-3.3,.879,222,2.9,149,1.9,4.3,1.49
13,Dwyane Wade,SG,MIA,62,31.8,21.5,8.2-17.5,.470,0.5-1.6,.284,4.6-6.0,.768,299,4.8,209,3.4,7.3,1.43
14,Chris Bosh,PF,MIA,44,35.4,21.1,7.8-16.9,.460,1.4-3.8,.375,4.1-5.3,.772,95,2.2,95,2.2,2.9,1.00
15,Rudy Gay,SF,SAC,68,35.4,21.1,7.5-16.4,.455,1.2-3.2,.359,5.0-5.8,.858,250,3.7,183,2.7,5.0,1.37
16,Damian Lillard,PG,POR,82,35.7,21.0,7.2-16.6,.434,2.4-7.0,.343,4.2-4.9,.864,507,6.2,222,2.7,8.3,2.28
17,DeMar DeRozan,SG,TOR,60,35.0,20.1,6.8-16.5,.413,0.4-1.5,.284,6.0-7.2,.832,210,3.5,137,2.3,4.8,1.53
18,Jimmy Butler,SG,CHI,65,38.7,20.0,6.5-14.0,.462,1.1-3.0,.378,5.9-7.1,.834,212,3.3,93,1.4,4.0,2.28
19,Kevin Martin,SG,MIN,39,33.4,20.0,6.8-16.0,.427,1.9-4.9,.393,4.4-4.9,.881,89,2.3,76,1.9,3.3,1.17
20,Nikola Vucevic,C,ORL,74,34.2,19.3,8.5-16.3,.523,0.0-0.1,.333,2.2-2.9,.752,147,2.0,148,2.0,2.8,0.99
21,Gordon Hayward,SF,UTAH,76,34.4,19.3,6.4-14.3,.445,1.6-4.3,.364,4.9-6.1,.812,313,4.1,206,2.7,5.7,1.52
22,Chris Paul,PG,LAC,82,34.8,19.1,6.9-14.3,.485,1.7-4.3,.398,3.5-3.9,.900,838,10.2,190,2.3,14.1,4.41
23,Monta Ellis,PG,DAL,80,33.7,18.9,7.5-16.9,.445,1.0-3.6,.285,2.9-3.8,.752,329,4.1,198,2.5,5.9,1.66
24,Pau Gasol,PF,CHI,78,34.4,18.5,7.3-14.8,.494,0.2-0.3,.462,3.8-4.7,.803,210,2.7,158,2.0,3.8,1.33
25,Victor Oladipo,SG,ORL,72,35.7,17.9,6.6-15.1,.436,1.2-3.4,.339,3.6-4.4,.819,295,4.1,204,2.8,5.5,1.45
26,Kyle Lowry,PG,TOR,70,34.5,17.8,6.1-14.9,.412,1.9-5.6,.338,3.6-4.5,.808,473,6.8,173,2.5,9.4,2.73
27,Derrick Rose,PG,CHI,51,30.0,17.7,6.6-16.4,.405,1.5-5.3,.280,3.0-3.7,.813,251,4.9,161,3.2,7.9,1.56
28,John Wall,PG,WSH,79,35.9,17.6,6.6-14.8,.445,0.8-2.7,.300,3.6-4.6,.785,792,10.0,304,3.8,13.4,2.61
29,Marc Gasol,C,MEM,81,33.2,17.4,6.5-13.2,.494,0.0-0.2,.176,4.3-5.4,.795,307,3.8,176,2.2,5.5,1.74
30,Kemba Walker,PG,CHA,62,34.2,17.3,6.1-15.8,.385,1.4-4.5,.304,3.8-4.6,.827,318,5.1,100,1.6,7.2,3.18
31,Dirk Nowitzki,PF,DAL,77,29.6,17.3,6.3-13.8,.459,1.4-3.6,.380,3.3-3.8,.882,143,1.9,82,1.1,3.0,1.74
32,Brook Lopez,C,BKN,72,29.2,17.2,7.0-13.7,.513,0.0-0.1,.100,3.1-3.8,.814,50,0.7,104,1.4,1.1,0.48
33,Tobias Harris,SF,ORL,68,34.8,17.1,6.5-14.0,.466,1.3-3.5,.364,2.8-3.6,.788,124,1.8,115,1.7,2.5,1.08
34,Eric Bledsoe,PG,PHX,81,34.6,17.0,5.8-12.9,.447,1.1-3.4,.324,4.4-5.4,.800,493,6.1,274,3.4,8.5,1.80
35,Brandon Knight,PG,MIL/PHX,63,32.3,17.0,6.0-14.1,.422,2.0-5.1,.389,3.1-3.5,.874,330,5.2,189,3.0,7.8,1.75
36,Andrew Wiggins,SG,MIN,82,36.2,16.9,6.1-13.9,.437,0.5-1.5,.310,4.3-5.7,.760,170,2.1,177,2.2,2.7,0.96
37,Tony Wroten,SG,PHI,30,29.8,16.9,5.8-14.5,.403,1.2-4.7,.261,4.0-6.0,.667,157,5.2,113,3.8,8.4,1.39
38,Paul Millsap,PF,ATL,73,32.7,16.7,6.1-12.7,.476,1.1-3.0,.356,3.5-4.6,.757,223,3.1,166,2.3,4.5,1.34
39,Al Jefferson,C,CHA,65,30.6,16.6,7.5-15.5,.481,0.0-0.1,.400,1.7-2.5,.655,113,1.7,68,1.0,2.7,1.66
40,Tyreke Evans,SG,NO,79,34.1,16.6,6.6-14.7,.447,0.9-2.9,.304,2.6-3.7,.694,521,6.6,246,3.1,9.3,2.12
41,Kawhi Leonard,SF,SA,64,31.8,16.5,6.2-12.8,.479,1.0-3.0,.349,3.2-3.9,.802,161,2.5,97,1.5,3.8,1.66
42,Isaiah Thomas,PG,BOS/PHX,67,25.8,16.4,5.0-11.9,.421,1.9-5.2,.373,4.5-5.2,.868,284,4.2,143,2.1,7.9,1.99
43,Kevin Love,PF,CLE,75,33.8,16.4,5.5-12.7,.434,1.9-5.2,.367,3.4-4.3,.804,168,2.2,122,1.6,3.2,1.38
44,J.J. Redick,SG,LAC,78,30.9,16.4,5.7-12.0,.477,2.6-5.9,.437,2.3-2.6,.901,137,1.8,95,1.2,2.7,1.44
45,Goran Dragic,SG,MIA/PHX,78,33.8,16.3,6.4-12.8,.501,1.2-3.3,.347,2.3-3.0,.774,350,4.5,173,2.2,6.4,2.02
46,Darren Collison,PG,SAC,45,34.8,16.1,5.8-12.2,.473,1.3-3.6,.373,3.2-4.1,.788,252,5.6,112,2.5,7.7,2.25
47,Zach Randolph,PF,MEM,71,32.5,16.1,6.4-13.1,.487,0.1-0.3,.350,3.2-4.2,.765,153,2.2,156,2.2,3.2,0.98
48,George Hill,PG,IND,43,29.5,16.1,5.9-12.4,.477,1.6-4.5,.358,2.6-3.3,.790,220,5.1,69,1.6,8.3,3.19
49,Derrick Favors,PF,UTAH,74,30.8,16.0,6.5-12.4,.525,0.0-0.1,.167,3.0-4.5,.669,112,1.5,121,1.6,2.4,0.93
50,Wesley Matthews,SG,POR,60,33.7,15.9,5.6-12.5,.448,2.9-7.4,.389,1.8-2.4,.752,139,2.3,81,1.4,3.3,1.72
51,Jeff Teague,PG,ATL,73,30.5,15.9,5.6-12.2,.460,1.0-2.8,.343,3.8-4.4,.862,513,7.0,205,2.8,11.1,2.50
52,Greg Monroe,C,DET,69,31.0,15.9,6.1-12.4,.496,0.0-0.0,.000,3.7-4.9,.750,142,2.1,149,2.2,3.2,0.95
53,Mike Conley,PG,MEM,70,31.8,15.8,5.6-12.6,.446,1.5-4.0,.386,3.1-3.6,.859,375,5.4,156,2.2,8.1,2.40
54,Jamal Crawford,SG,LAC,64,26.6,15.8,5.2-13.1,.396,1.9-5.7,.327,3.5-3.9,.901,158,2.5,92,1.4,4.5,1.72
55,Dwight Howard,C,HOU,41,29.8,15.8,6.1-10.3,.593,0.0-0.0,.500,3.5-6.6,.528,50,1.2,115,2.8,2.0,0.43
56,Chandler Parsons,SF,DAL,66,33.1,15.7,5.8-12.6,.462,2.0-5.3,.380,2.1-2.9,.720,161,2.4,96,1.5,3.5,1.68
57,Louis Williams,SG,TOR,80,25.2,15.5,4.7-11.6,.404,1.9-5.6,.340,4.3-4.9,.861,164,2.1,101,1.3,3.9,1.62
58,Enes Kanter,C,OKC/UTAH,75,28.5,15.5,6.4-12.4,.519,0.2-0.6,.356,2.4-3.1,.782,55,0.7,145,1.9,1.2,0.38
59,Brandon Jennings,PG,DET,41,28.6,15.4,5.3-13.2,.401,1.9-5.1,.360,2.9-3.5,.839,272,6.6,90,2.2,11.1,3.02
60,Markieff Morris,PF,PHX,82,31.5,15.3,6.2-13.4,.465,0.7-2.2,.318,2.2-2.8,.763,192,2.3,170,2.1,3.6,1.13
61,Bradley Beal,SG,WSH,63,33.4,15.3,5.8-13.5,.427,1.7-4.1,.409,2.1-2.6,.783,194,3.1,123,2.0,4.4,1.58
62,Ty Lawson,PG,DEN,75,35.5,15.2,5.4-12.3,.436,0.9-2.7,.341,3.5-4.8,.730,720,9.6,185,2.5,13.0,3.89
63,Al Horford,PF,ATL,76,30.5,15.2,6.8-12.7,.538,0.1-0.5,.306,1.4-1.9,.759,244,3.2,100,1.3,5.1,2.44
64,Jeff Green,SF,BOS/MEM,78,31.5,15.0,5.3-12.4,.430,1.2-3.7,.332,3.1-3.7,.833,134,1.7,108,1.4,2.6,1.24
65,Andrea Bargnani,C,NY,29,27.1,14.8,5.7-12.4,.454,0.5-1.4,.366,3.0-3.7,.813,46,1.6,42,1.4,2.8,1.10
66,Jrue Holiday,PG,NO,40,32.6,14.8,6.0-13.4,.446,1.3-3.4,.378,1.6-1.9,.855,274,6.9,91,2.3,10.1,3.01
67,Michael Carter-Williams,PG,MIL/PHI,66,32.6,14.6,5.5-13.9,.396,0.5-2.3,.235,3.1-4.4,.694,442,6.7,253,3.8,9.9,1.75
68,Reggie Jackson,PG,DET/OKC,77,29.5,14.5,5.6-12.9,.434,0.9-3.1,.299,2.4-2.8,.830,462,6.0,186,2.4,9.8,2.48
69,Joe Johnson,SF,BKN,80,34.9,14.4,5.6-12.8,.435,1.5-4.2,.359,1.8-2.2,.801,292,3.7,137,1.7,5.0,2.13
70,Tony Parker,PG,SA,68,28.7,14.4,5.9-12.2,.486,0.6-1.3,.427,1.9-2.4,.783,335,4.9,146,2.1,8.2,2.29
71,Serge Ibaka,PF,OKC,64,33.1,14.3,5.8-12.3,.476,1.2-3.2,.376,1.4-1.7,.836,55,0.9,97,1.5,1.2,0.57
72,Mo Williams,PG,MIN/CHA,68,29.1,14.2,5.0-12.6,.397,1.8-5.1,.342,2.4-2.8,.872,424,6.2,172,2.5,10.3,2.47
73,Thaddeus Young,SF,MIN/BKN,76,32.0,14.1,5.9-12.7,.466,0.5-1.5,.330,1.7-2.6,.655,173,2.3,117,1.5,3.4,1.48
74,Luol Deng,SF,MIA,72,33.6,14.0,5.1-10.9,.469,1.1-3.1,.355,2.7-3.5,.761,139,1.9,108,1.5,2.8,1.29
75,Wilson Chandler,SF,DEN,78,31.7,13.9,5.4-12.5,.429,1.8-5.2,.342,1.4-1.8,.775,134,1.7,110,1.4,2.6,1.22
76,Avery Bradley,PG,BOS,77,31.5,13.9,5.6-13.2,.428,1.6-4.6,.352,1.0-1.3,.790,135,1.8,109,1.4,2.7,1.24
77,Tim Duncan,C,SA,77,28.9,13.9,5.4-10.6,.512,0.0-0.1,.286,3.0-4.0,.740,230,3.0,131,1.7,5.0,1.76
78,Alec Burks,SG,UTAH,27,33.3,13.9,4.5-11.1,.403,1.0-2.5,.382,3.9-4.8,.822,82,3.0,52,1.9,4.4,1.58
79,Andre Drummond,C,DET,82,30.5,13.8,6.0-11.7,.514,0.0-0.0,.000,1.7-4.5,.389,55,0.7,120,1.5,1.1,0.46
80,Ryan Anderson,PF,NO,61,27.5,13.7,4.8-12.0,.399,2.0-5.9,.340,2.1-2.5,.854,55,0.9,62,1.0,1.6,0.89
81,Shabazz Muhammad,SF,MIN,38,22.8,13.5,5.1-10.4,.489,0.5-1.3,.392,2.7-3.8,.717,44,1.2,35,0.9,2.4,1.26
82,Robert Covington,SF,PHI,70,27.9,13.5,4.3-10.8,.395,2.4-6.4,.374,2.5-3.1,.820,105,1.5,128,1.8,2.6,0.82
83,C.J. Miles,SG,IND,70,26.3,13.5,4.7-11.8,.398,2.2-6.4,.345,1.9-2.3,.807,75,1.1,73,1.0,2.0,1.03
84,Eric Gordon,SG,NO,61,33.1,13.4,4.7-11.4,.411,2.3-5.2,.448,1.8-2.2,.805,229,3.8,122,2.0,5.4,1.88
85,Nick Young,SF,LAL,42,23.8,13.4,4.1-11.3,.366,2.0-5.4,.369,3.1-3.5,.892,41,1.0,44,1.0,2.0,0.93
86,Khris Middleton,SF,MIL,79,30.1,13.4,5.1-11.0,.467,1.4-3.4,.407,1.7-2.0,.859,182,2.3,113,1.4,3.7,1.61
87,Jared Sullinger,PF,BOS,58,27.0,13.3,5.4-12.2,.439,0.9-3.2,.283,1.7-2.2,.744,134,2.3,78,1.3,4.1,1.72
88,Arron Afflalo,SG,DEN/POR,78,32.1,13.3,4.8-11.3,.424,1.5-4.3,.354,2.1-2.5,.843,129,1.7,116,1.5,2.5,1.11
89,Deron Williams,PG,BKN,68,31.1,13.0,4.4-11.3,.387,1.3-3.5,.367,3.0-3.5,.834,448,6.6,154,2.3,10.2,2.91
90,Trey Burke,PG,UTAH,76,30.1,12.8,4.9-13.2,.368,1.6-5.1,.318,1.4-1.9,.752,328,4.3,124,1.6,6.9,2.65
91,Trevor Ariza,SF,HOU,82,35.7,12.8,4.5-11.1,.402,2.4-6.8,.350,1.5-1.7,.853,209,2.5,141,1.7,3.4,1.48
92,Kentavious Caldwell-Pope,SG,DET,82,31.5,12.7,4.8-11.9,.401,1.9-5.4,.345,1.3-1.9,.696,109,1.3,94,1.1,2.0,1.16
93,Giannis Antetokounmpo,SF,MIL,81,31.4,12.7,4.7-9.6,.491,0.1-0.5,.159,3.2-4.3,.741,207,2.6,173,2.1,3.9,1.20
94,Rodney Stuckey,PG,IND,71,26.4,12.6,4.7-10.6,.440,0.8-2.0,.390,2.5-3.0,.819,219,3.1,118,1.7,5.6,1.86
95,DeMarre Carroll,SF,ATL,70,31.3,12.6,4.5-9.3,.487,1.7-4.3,.395,1.8-2.6,.702,118,1.7,75,1.1,2.6,1.57
96,Kenneth Faried,PF,DEN,75,27.8,12.6,5.0-9.8,.507,0.0-0.1,.125,2.7-3.8,.691,89,1.2,118,1.6,2.0,0.75
97,Nikola Pekovic,C,MIN,31,26.3,12.5,4.5-10.6,.424,0.0-0.0,.000,3.5-4.2,.837,27,0.9,42,1.4,1.6,0.64
98,Danilo Gallinari,SF,DEN,59,24.2,12.4,3.9-9.6,.401,1.8-5.1,.355,2.9-3.2,.895,83,1.4,57,1.0,2.8,1.46
99,Josh Smith,SF,DET/HOU,83,27.7,12.4,5.0-11.9,.419,0.9-2.7,.316,1.5-3.1,.498,277,3.3,206,2.5,5.8,1.34
100,Jabari Parker,SF,MIL,25,29.5,12.3,5.2-10.5,.490,0.2-0.6,.250,1.8-2.6,.697,42,1.7,47,1.9,2.7,0.89
101,Marcin Gortat,C,WSH,82,29.9,12.2,5.4-9.5,.566,0.0-0.0,.000,1.5-2.1,.703,97,1.2,100,1.2,1.9,0.97
102,Kyle Korver,SG,ATL,75,32.2,12.1,3.9-8.0,.487,2.9-6.0,.492,1.4-1.6,.898,196,2.6,107,1.4,3.9,1.83
103,Ben McLemore,SG,SAC,82,32.6,12.1,4.4-10.1,.437,1.7-4.8,.358,1.6-2.0,.813,140,1.7,138,1.7,2.5,1.01
104,Gerald Henderson,SG,CHA,80,28.9,12.1,4.6-10.6,.437,0.6-1.7,.331,2.3-2.7,.848,206,2.6,110,1.4,4.3,1.87
105,J.R. Smith,SG,CLE/NY,70,29.7,12.1,4.5-10.8,.417,2.3-6.1,.383,0.8-1.0,.750,195,2.8,97,1.4,4.5,2.01
106,Donatas Motiejunas,PF,HOU,71,28.7,12.0,5.0-9.9,.504,0.7-1.9,.368,1.4-2.3,.602,130,1.8,123,1.7,3.1,1.06
107,Jonas Valanciunas,C,TOR,80,26.2,12.0,4.7-8.2,.572,0.0-0.0,.000,2.7-3.5,.786,39,0.5,109,1.4,0.9,0.36
108,Evan Fournier,SF,ORL,58,28.6,12.0,4.4-9.9,.440,1.5-3.9,.378,1.8-2.5,.728,120,2.1,82,1.4,3.5,1.46
109,Jordan Hill,C,LAL,70,26.8,12.0,5.1-11.1,.459,0.0-0.2,.273,1.8-2.4,.738,103,1.5,106,1.5,2.6,0.97
110,Jarrett Jack,PG,BKN,80,28.0,12.0,4.5-10.2,.439,0.5-1.8,.267,2.5-2.8,.881,373,4.7,191,2.4,8.0,1.95
111,Jabari Brown,SG,LAL,19,29.9,11.9,3.7-8.9,.412,1.2-3.3,.371,3.4-4.5,.753,40,2.1,32,1.7,3.4,1.25
112,Gerald Green,SG,PHX,74,19.5,11.9,4.4-10.5,.416,1.9-5.2,.354,1.3-1.6,.825,91,1.2,104,1.4,3.0,0.88
113,Jordan Clarkson,PG,LAL,59,25.0,11.9,4.5-10.1,.448,0.6-2.1,.314,2.2-2.7,.829,206,3.5,96,1.6,6.7,2.15
114,Paul Pierce,SF,WSH,73,26.2,11.9,4.0-9.0,.447,1.6-4.2,.389,2.2-2.9,.781,144,2.0,92,1.3,3.6,1.57
115,Langston Galloway,PG,NY,45,32.4,11.8,4.5-11.4,.399,1.4-3.9,.352,1.4-1.7,.808,150,3.3,61,1.4,4.9,2.46
116,Carlos Boozer,PF,LAL,71,23.8,11.8,5.2-10.5,.499,0.0-0.0,.000,1.3-2.1,.627,95,1.3,92,1.3,2.7,1.03
117,Dion Waiters,SG,CLE/OKC,80,27.6,11.8,4.7-11.8,.396,0.9-3.1,.297,1.5-2.2,.680,163,2.0,113,1.4,3.5,1.44
118,Hassan Whiteside,C,MIA,48,23.8,11.8,5.1-8.1,.628,0.0-0.0,.000,1.6-3.3,.500,6,0.1,58,1.2,0.3,0.10
119,Terrence Jones,PF,HOU,33,26.9,11.7,4.8-9.1,.528,0.4-1.1,.351,1.7-2.8,.606,36,1.1,37,1.1,1.9,0.97
120,Danny Green,SG,SA,81,28.5,11.7,4.0-9.1,.436,2.4-5.6,.418,1.4-1.6,.874,158,2.0,93,1.1,3.3,1.70
121,Draymond Green,SF,GS,79,31.5,11.7,4.3-9.7,.443,1.4-4.2,.337,1.7-2.5,.660,291,3.7,133,1.7,5.6,2.19
122,David West,PF,IND,66,28.7,11.7,4.9-10.4,.471,0.1-0.3,.200,1.8-2.4,.739,223,3.4,120,1.8,5.6,1.86
123,Aaron Brooks,PG,CHI,82,23.0,11.6,4.2-10.0,.421,1.5-3.8,.387,1.8-2.1,.833,261,3.2,157,1.9,6.6,1.66
124,DeAndre Jordan,C,LAC,82,34.4,11.5,4.6-6.5,.710,0.0-0.0,.250,2.3-5.7,.397,61,0.7,109,1.3,1.0,0.56
125,Ersan Ilyasova,PF,MIL,58,22.7,11.5,4.5-9.6,.472,1.3-3.3,.389,1.2-1.8,.645,56,1.0,45,0.8,2.0,1.24
126,Amar'e Stoudemire,PF,DAL/NY,59,21.1,11.5,4.6-8.3,.557,0.0-0.1,.000,2.3-3.2,.720,45,0.8,78,1.3,1.7,0.58
127,Tim Hardaway Jr.,SG,NY,70,24.0,11.5,4.0-10.2,.389,1.7-5.1,.342,1.8-2.2,.801,127,1.8,82,1.2,3.6,1.55
128,Corey Brewer,SG,HOU/MIN,80,26.1,11.5,4.3-10.1,.426,0.8-2.9,.268,2.1-2.8,.743,173,2.2,131,1.6,4.0,1.32
129,O.J. Mayo,SG,MIL,71,23.9,11.4,4.2-9.9,.422,1.4-3.9,.357,1.6-2.0,.827,197,2.8,128,1.8,5.6,1.54
130,Jeremy Lin,PG,LAL,74,25.8,11.2,3.7-8.8,.424,0.9-2.4,.369,2.9-3.6,.795,339,4.6,166,2.2,8.5,2.04
131,Jodie Meeks,SG,DET,60,24.4,11.1,3.7-8.9,.416,1.2-3.5,.349,2.4-2.7,.906,79,1.3,57,1.0,2.6,1.39
132,Nene Hilario,PF,WSH,67,25.3,11.0,4.6-9.0,.511,0.0-0.1,.200,1.8-3.0,.604,123,1.8,124,1.9,3.5,0.99
133,Vander Blue,SG,LAL,2,37.0,11.0,4.5-15.0,.300,1.0-5.0,.200,1.0-2.5,.400,8,4.0,6,3.0,5.2,1.33
134,Michael Kidd-Gilchrist,SF,CHA,55,28.9,10.9,4.1-8.8,.465,0.0-0.0,.000,2.7-3.9,.701,77,1.4,63,1.1,2.3,1.22
135,Anthony Morrow,SG,OKC,74,24.4,10.7,3.9-8.3,.463,1.9-4.4,.434,1.1-1.2,.888,60,0.8,38,0.5,1.6,1.58
136,Brandon Bass,PF,BOS,82,23.5,10.6,4.2-8.3,.504,0.1-0.4,.281,2.1-2.6,.790,104,1.3,83,1.0,2.6,1.25
137,Roy Hibbert,C,IND,76,25.3,10.6,4.2-9.3,.446,0.0-0.0,.000,2.2-2.7,.824,84,1.1,107,1.4,2.1,0.79
138,Manu Ginobili,SG,SA,70,22.7,10.5,3.6-8.4,.426,1.3-3.7,.345,2.1-2.9,.721,293,4.2,154,2.2,8.9,1.90
139,Marcus Morris,PF,PHX,81,25.2,10.4,4.1-9.4,.434,1.4-3.9,.358,0.9-1.4,.628,133,1.6,73,0.9,3.1,1.82
140,Marreese Speights,C,GS,76,15.9,10.4,4.2-8.5,.492,0.1-0.2,.278,2.0-2.3,.843,72,0.9,82,1.1,2.9,0.88
141,Alexey Shved,PG,HOU/NY/PHI,42,18.3,10.3,3.2-8.0,.397,1.1-3.3,.338,2.9-3.6,.807,106,2.5,48,1.1,6.6,2.21
142,Taj Gibson,PF,CHI,62,27.3,10.3,4.1-8.2,.502,0.0-0.0,.000,2.1-3.0,.717,71,1.1,77,1.2,2.0,0.92
143,Tyson Chandler,C,DAL,75,30.5,10.3,3.9-5.9,.666,0.0-0.0,.000,2.5-3.4,.720,84,1.1,105,1.4,1.8,0.80
144,Ricky Rubio,PG,MIN,22,31.5,10.3,3.5-10.0,.356,0.6-2.3,.255,2.6-3.2,.803,193,8.8,64,2.9,13.4,3.02
145,Kelly Olynyk,C,BOS,64,22.3,10.3,3.9-8.3,.475,1.0-2.7,.349,1.5-2.1,.684,109,1.7,98,1.5,3.7,1.11
146,Mario Chalmers,PG,MIA,80,29.6,10.2,3.3-8.3,.403,0.9-3.1,.294,2.6-3.3,.774,307,3.8,173,2.2,6.2,1.77
147,Nikola Mirotic,PF,CHI,82,20.2,10.2,3.1-7.6,.405,1.2-3.8,.316,2.8-3.5,.803,97,1.2,89,1.1,2.8,1.09
148,Tyler Zeller,C,BOS,82,21.1,10.2,4.1-7.5,.549,0.0-0.0,.000,1.9-2.3,.823,113,1.4,76,0.9,3.1,1.49
149,Patrick Beverley,PG,HOU,56,30.8,10.1,3.6-9.5,.383,2.1-5.8,.356,0.8-1.1,.750,192,3.4,83,1.5,5.3,2.31
150,Zach LaVine,PG,MIN,77,24.7,10.1,3.7-8.8,.422,0.7-2.2,.341,1.9-2.3,.842,276,3.6,193,2.5,7.0,1.43
151,Courtney Lee,SG,MEM,77,30.6,10.1,3.7-8.4,.448,1.2-2.9,.402,1.4-1.7,.860,151,2.0,78,1.0,3.1,1.94
152,Harrison Barnes,SF,GS,82,28.3,10.1,3.9-8.0,.482,1.1-2.6,.405,1.3-1.8,.720,116,1.4,71,0.9,2.4,1.63
153,Gary Neal,PG,MIN/CHA,54,22.1,10.1,3.5-9.3,.374,0.9-3.0,.305,2.2-2.5,.867,100,1.9,65,1.2,4.0,1.54
154,Matt Barnes,SF,LAC,76,29.9,10.1,3.6-8.2,.444,1.8-4.9,.362,1.0-1.3,.779,114,1.5,87,1.1,2.4,1.31
155,Wayne Ellington,SG,LAL,65,25.8,10.0,3.9-9.5,.412,1.4-3.7,.370,0.8-1.0,.813,105,1.6,50,0.8,3.0,2.10
156,C.J. Watson,PG,IND,57,24.9,10.0,3.2-7.3,.434,1.2-3.1,.400,2.4-2.9,.826,208,3.6,100,1.8,7.0,2.08
157,Dennis Schroder,PG,ATL,77,19.7,10.0,3.7-8.6,.427,0.7-1.9,.351,1.9-2.3,.827,317,4.1,150,1.9,10.0,2.11
158,Nerlens Noel,PF,PHI,75,30.8,9.9,4.0-8.7,.462,0.0-0.0,.000,1.9-3.1,.609,128,1.7,146,1.9,2.7,0.88
159,Wesley Johnson,SG,LAL,76,29.5,9.9,3.8-9.1,.414,1.2-3.4,.351,1.2-1.5,.804,124,1.6,87,1.1,2.7,1.43
160,Luc Richard Mbah a Moute,PF,PHI,67,28.6,9.9,3.7-9.5,.395,0.9-3.0,.307,1.4-2.4,.589,106,1.6,99,1.5,2.7,1.07
161,Terrence Ross,SF,TOR,82,25.5,9.8,3.8-9.2,.410,1.8-4.8,.372,0.5-0.7,.786,86,1.0,69,0.8,2.0,1.25
162,Anderson Varejao,PF,CLE,26,24.5,9.8,4.3-7.7,.555,0.0-0.1,.000,1.3-1.7,.733,35,1.3,35,1.3,2.6,1.00
163,Gorgui Dieng,C,MIN,73,30.0,9.7,3.5-7.0,.506,0.0-0.1,.167,2.6-3.3,.783,146,2.0,126,1.7,3.2,1.16
164,Timofey Mozgov,C,CLE/DEN,81,25.3,9.7,3.9-7.0,.555,0.0-0.1,.333,1.9-2.7,.718,55,0.7,116,1.4,1.3,0.47
165,Robin Lopez,C,POR,59,27.8,9.6,4.0-7.4,.535,0.0-0.0,.000,1.7-2.2,.772,55,0.9,73,1.2,1.6,0.75
166,Evan Turner,SG,BOS,82,27.6,9.5,3.9-9.1,.429,0.4-1.5,.277,1.3-1.7,.752,449,5.5,198,2.4,9.5,2.27
167,D.J. Augustin,PG,DET/OKC,82,24.0,9.5,3.1-7.9,.399,1.0-3.0,.337,2.2-2.5,.868,353,4.3,145,1.8,8.6,2.43
168,Greivis Vasquez,PG,TOR,82,24.3,9.5,3.6-8.8,.408,1.6-4.3,.379,0.6-0.8,.758,302,3.7,119,1.5,7.3,2.54
169,Mike Dunleavy,SG,CHI,63,29.2,9.4,3.3-7.6,.435,1.7-4.2,.407,1.1-1.4,.805,114,1.8,60,1.0,3.0,1.90
170,Luis Scola,PF,IND,81,20.5,9.4,3.7-7.9,.467,0.1-0.2,.250,2.0-2.8,.699,105,1.3,94,1.2,3.0,1.12
171,Nicolas Batum,SF,POR,71,33.5,9.4,3.4-8.5,.400,1.4-4.4,.324,1.2-1.4,.857,341,4.8,132,1.9,6.9,2.58
172,Amir Johnson,PF,TOR,75,26.4,9.3,4.0-6.9,.574,0.3-0.6,.413,1.1-1.7,.612,117,1.6,110,1.5,2.8,1.06
173,Isaiah Canaan,PG,HOU/PHI,47,20.0,9.2,3.1-8.0,.386,1.9-5.2,.370,1.0-1.3,.817,98,2.1,62,1.3,5.0,1.58
174,Marco Belinelli,SF,SA,62,22.4,9.2,3.2-7.6,.423,1.4-3.7,.374,1.4-1.6,.848,94,1.5,61,1.0,3.3,1.54
175,P.J. Tucker,SF,PHX,78,30.6,9.1,3.3-7.6,.438,1.1-3.2,.345,1.3-1.8,.727,122,1.6,96,1.2,2.5,1.27
176,Jose Calderon,PG,NY,42,30.2,9.1,3.5-8.4,.415,1.4-3.4,.415,0.7-0.8,.906,198,4.7,75,1.8,7.5,2.64
177,Jason Richardson,SG,PHI,19,21.9,9.1,3.3-9.4,.348,1.6-5.1,.323,0.9-1.2,.773,38,2.0,16,0.8,4.4,2.38
178,Bojan Bogdanovic,SG,BKN,78,23.8,9.0,3.3-7.4,.453,1.2-3.3,.355,1.1-1.4,.821,68,0.9,78,1.0,1.8,0.87
179,Rajon Rondo,PG,BOS/DAL,68,29.7,8.9,4.0-9.5,.426,0.4-1.3,.314,0.5-1.1,.397,538,7.9,210,3.1,12.8,2.56
180,Elfrid Payton,PG,ORL,82,30.4,8.9,3.7-8.6,.425,0.1-0.5,.262,1.4-2.6,.551,533,6.5,203,2.5,10.3,2.63
181,Solomon Hill,SF,IND,82,29.0,8.9,3.1-7.7,.396,0.8-2.5,.327,1.9-2.4,.824,184,2.2,115,1.4,3.7,1.60
182,Omri Casspi,SF,SAC,67,21.1,8.9,3.1-6.4,.489,0.5-1.3,.402,2.1-2.9,.733,102,1.5,88,1.3,3.5,1.16
183,Michael Beasley,SF,MIA,24,21.0,8.8,3.8-8.8,.434,0.3-1.4,.235,0.8-1.1,.769,32,1.3,37,1.5,3.0,0.86
184,Paul George,SF,IND,6,15.2,8.8,3.0-8.2,.367,1.5-3.7,.409,1.3-1.8,.727,6,1.0,12,2.0,3.2,0.50
185,Hollis Thompson,SG,PHI,71,25.0,8.8,3.2-7.6,.413,1.6-4.0,.401,0.9-1.3,.708,85,1.2,66,0.9,2.3,1.29
186,Devin Harris,PG,DAL,76,22.2,8.8,2.9-6.9,.418,1.3-3.5,.357,1.7-2.1,.815,237,3.1,85,1.1,6.8,2.79
187,Mason Plumlee,C,BKN,82,21.3,8.7,3.4-6.0,.573,0.0-0.0,.000,1.9-3.9,.495,74,0.9,106,1.3,2.0,0.70
188,Boris Diaw,C,SA,81,24.5,8.7,3.6-7.8,.460,0.7-2.1,.320,0.9-1.1,.774,233,2.9,126,1.6,5.6,1.85
189,Randy Foye,SG,DEN,50,21.7,8.7,3.0-8.0,.368,1.9-5.3,.357,0.9-1.1,.818,119,2.4,60,1.2,5.3,1.98
190,Dwight Buycks,PG,LAL,6,20.5,8.7,3.0-6.7,.450,1.2-1.8,.636,1.5-1.7,.900,14,2.3,12,2.0,5.5,1.17
191,Rodney Hood,SG,UTAH,50,21.3,8.7,3.1-7.5,.414,1.2-3.4,.365,1.2-1.6,.763,83,1.7,45,0.9,3.7,1.84
192,Chris Kaman,C,POR,74,18.9,8.6,3.8-7.4,.515,0.0-0.0,.000,1.0-1.4,.706,65,0.9,108,1.5,2.2,0.60
193,Tony Allen,SG,MEM,63,26.2,8.6,3.6-7.2,.495,0.2-0.5,.345,1.3-2.0,.627,86,1.4,86,1.4,2.5,1.00
194,Mirza Teletovic,PF,BKN,40,22.3,8.5,3.1-8.0,.382,1.6-4.8,.321,0.8-1.2,.717,46,1.2,53,1.3,2.5,0.87
195,Tristan Thompson,C,CLE,82,26.8,8.5,3.3-6.0,.547,0.0-0.0,.000,1.9-3.0,.641,39,0.5,83,1.0,0.9,0.47
196,Sebastian Telfair,PG,OKC,16,20.4,8.4,2.9-7.8,.368,1.1-3.8,.300,1.5-2.1,.706,45,2.8,18,1.1,6.6,2.50
197,Rudy Gobert,C,UTAH,82,26.3,8.4,3.1-5.2,.604,0.0-0.0,.000,2.1-3.3,.623,109,1.3,111,1.4,2.4,0.98
198,Derrick Williams,PF,SAC,74,19.8,8.3,2.9-6.6,.447,0.7-2.1,.314,1.8-2.6,.684,50,0.7,56,0.8,1.6,0.89
199,Ed Davis,PF,LAL,79,23.3,8.3,3.6-5.9,.601,0.0-0.0,.000,1.2-2.4,.487,94,1.2,58,0.7,2.5,1.62
200,Jameer Nelson,PG,BOS/DAL/DEN,63,22.3,8.3,3.3-8.0,.407,1.4-4.1,.345,0.4-0.6,.667,253,4.0,109,1.7,8.6,2.32
201,Zaza Pachulia,C,MIL,73,23.7,8.3,3.3-7.2,.454,0.0-0.0,.000,1.7-2.2,.788,178,2.4,133,1.8,4.9,1.34
202,Tiago Splitter,PF,SA,52,19.8,8.2,3.3-5.8,.558,0.0-0.0,.000,1.7-2.3,.750,78,1.5,60,1.2,3.6,1.30
203,Lance Stephenson,SF,CHA,61,25.8,8.2,3.4-9.0,.376,0.3-1.7,.171,1.1-1.8,.627,240,3.9,128,2.1,7.3,1.88
204,Henry Sims,C,PHI,73,19.2,8.0,3.3-6.9,.474,0.1-0.3,.182,1.5-1.9,.774,79,1.1,99,1.4,2.7,0.80
205,Jason Smith,PF,NY,82,21.8,8.0,3.1-7.2,.434,0.2-0.5,.357,1.5-1.9,.830,140,1.7,104,1.3,3.8,1.35
206,Patrick Patterson,PF,TOR,81,26.6,8.0,3.0-6.6,.449,1.3-3.5,.371,0.8-1.0,.788,155,1.9,54,0.7,3.5,2.87
207,Iman Shumpert,SG,CLE/NY,62,24.9,8.0,3.1-7.6,.410,1.1-3.2,.342,0.7-1.0,.672,135,2.2,91,1.5,4.2,1.48
208,Kris Humphries,PF,WSH,64,21.0,8.0,3.3-7.0,.473,0.0-0.1,.000,1.4-1.8,.744,57,0.9,46,0.7,2.0,1.24
209,David Lee,PF,GS,49,18.4,7.9,3.3-6.4,.511,0.0-0.0,.000,1.4-2.1,.654,85,1.7,49,1.0,4.5,1.73
210,Marcus Thornton,SG,BOS/PHX,48,15.0,7.9,2.9-7.2,.406,1.1-3.0,.378,1.0-1.2,.821,36,0.8,27,0.6,2.4,1.33
211,James Johnson,PF,TOR,70,19.6,7.9,3.4-5.8,.589,0.2-0.7,.216,1.0-1.5,.657,95,1.4,79,1.1,3.3,1.20
212,K.J. McDaniels,SG,HOU/PHI,62,21.8,7.9,2.8-7.0,.396,0.7-2.4,.287,1.6-2.1,.752,72,1.2,105,1.7,2.6,0.69
213,Andre Iguodala,SG,GS,77,26.9,7.8,3.0-6.4,.466,1.0-2.8,.349,0.9-1.5,.596,228,3.0,88,1.1,5.3,2.59
214,Marcus Smart,PG,BOS,67,27.0,7.8,2.6-7.1,.367,1.4-4.1,.335,1.2-1.9,.646,208,3.1,90,1.3,5.5,2.31
215,Mike Scott,PF,ATL,68,16.5,7.8,3.0-6.7,.444,1.0-2.8,.344,0.9-1.1,.792,75,1.1,39,0.6,3.2,1.92
216,Jerryd Bayless,PG,MIL,77,22.3,7.8,2.9-6.7,.426,0.5-1.6,.308,1.6-1.8,.883,233,3.0,133,1.7,6.5,1.75
217,Rasual Butler,SF,WSH,75,20.1,7.7,2.9-6.9,.422,1.2-3.1,.387,0.7-0.9,.791,63,0.8,48,0.6,2.0,1.31
218,Steven Adams,C,OKC,70,25.3,7.7,3.1-5.7,.544,0.0-0.0,.000,1.5-2.9,.502,66,0.9,99,1.4,1.8,0.67
219,Jae Crowder,SF,BOS/DAL,82,20.1,7.7,2.8-6.6,.420,0.7-2.5,.293,1.3-1.7,.773,94,1.1,49,0.6,2.7,1.92
220,Beno Udrih,PG,MEM,79,18.9,7.7,3.1-6.4,.487,0.3-1.2,.268,1.1-1.3,.853,220,2.8,89,1.1,7.1,2.47
221,Norris Cole,PG,NO/MIA,75,24.4,7.6,3.1-7.4,.412,0.7-2.3,.313,0.8-1.1,.716,255,3.4,99,1.3,6.7,2.58
222,Cody Zeller,PF,CHA,62,24.0,7.6,2.8-6.0,.461,0.0-0.0,1.000,2.0-2.6,.774,100,1.6,62,1.0,3.2,1.61
223,J.J. Hickson,PF,DEN,73,19.3,7.6,3.0-6.3,.475,0.0-0.0,.000,1.6-2.8,.577,57,0.8,96,1.3,1.9,0.59
224,J.J. Barea,PG,DAL,77,17.7,7.5,2.9-7.0,.420,0.7-2.2,.323,1.0-1.2,.809,263,3.4,70,0.9,9.3,3.76
225,Tayshaun Prince,SF,BOS/DET/MEM,58,24.1,7.5,3.1-6.9,.440,0.5-1.2,.463,0.8-1.1,.754,93,1.6,35,0.6,3.2,2.66
226,Marvin Williams,PF,CHA,78,26.1,7.4,2.7-6.3,.424,1.2-3.4,.358,0.8-1.1,.713,100,1.3,60,0.8,2.4,1.67
227,Ray McCallum,PG,SAC,68,21.1,7.4,3.0-6.9,.438,0.5-1.6,.306,0.8-1.2,.679,188,2.8,85,1.3,6.3,2.21
228,Donald Sloan,PG,IND,53,20.9,7.4,2.7-6.7,.408,0.8-2.5,.313,1.1-1.5,.779,190,3.6,65,1.2,8.2,2.92
229,Alan Anderson,SG,BKN,74,23.6,7.4,2.6-5.9,.443,1.0-2.8,.348,1.1-1.4,.812,83,1.1,60,0.8,2.3,1.38
230,Omer Asik,C,NO,76,26.1,7.3,2.8-5.4,.517,0.0-0.0,.000,1.7-3.0,.582,72,0.9,95,1.3,1.7,0.76
231,Channing Frye,PF,ORL,75,24.9,7.3,2.5-6.5,.392,1.8-4.6,.393,0.4-0.5,.886,94,1.3,78,1.0,2.4,1.21
232,Henry Walker,SF,MIA,24,26.2,7.3,2.4-7.0,.345,1.9-5.5,.341,0.6-0.8,.778,29,1.2,24,1.0,2.2,1.21
233,Larry Sanders,C,MIL,27,21.7,7.3,3.2-6.4,.500,0.0-0.0,.000,0.9-1.8,.500,23,0.9,28,1.0,1.9,0.82
234,Brandan Wright,PF,BOS/DAL/PHX,75,19.3,7.3,3.1-4.8,.642,0.0-0.0,.000,1.0-1.5,.696,41,0.5,34,0.5,1.4,1.21
235,Joakim Noah,C,CHI,67,30.6,7.2,2.8-6.4,.445,0.0-0.0,.000,1.6-2.6,.603,312,4.7,123,1.8,7.3,2.54
236,Jared Dudley,SG,MIL,72,23.8,7.2,2.8-5.9,.468,1.0-2.7,.385,0.7-0.9,.716,130,1.8,62,0.9,3.6,2.10
237,Carl Landry,PF,SAC,70,17.0,7.2,2.7-5.3,.515,0.0-0.0,.000,1.8-2.1,.820,26,0.4,54,0.8,1.0,0.48
238,Trevor Booker,PF,UTAH,79,19.8,7.2,2.9-5.9,.487,0.4-1.1,.345,1.1-1.9,.581,83,1.1,88,1.1,2.5,0.94
239,Quincy Pondexter,SF,NO/MEM,75,23.9,7.2,2.5-6.0,.421,1.2-3.3,.373,0.9-1.3,.740,94,1.3,51,0.7,2.5,1.84
240,Lance Thomas,SF,NY/OKC,62,24.0,7.1,2.9-7.1,.412,0.1-0.4,.318,1.2-1.6,.727,69,1.1,74,1.2,2.2,0.93
241,Leandro Barbosa,SG,GS,66,14.9,7.1,2.8-5.8,.474,0.7-1.7,.384,0.9-1.1,.784,99,1.5,44,0.7,4.8,2.25
242,Jason Terry,SG,HOU,77,21.3,7.0,2.4-5.8,.422,1.6-4.2,.390,0.5-0.6,.813,147,1.9,74,1.0,4.3,1.99
243,John Henson,PF,MIL,67,18.3,7.0,2.9-5.2,.566,0.0-0.0,.000,1.2-2.0,.569,59,0.9,87,1.3,2.3,0.68
244,Austin Rivers,SG,NO/LAC,76,20.6,7.0,2.7-6.5,.409,0.5-1.7,.298,1.1-1.7,.675,155,2.0,65,0.9,4.8,2.38
245,Patty Mills,PG,SA,51,15.7,6.9,2.5-6.6,.381,1.2-3.6,.341,0.6-0.8,.825,87,1.7,35,0.7,5.2,2.49
246,Kevin Garnett,PF,MIN/BKN,47,20.3,6.9,3.0-6.5,.467,0.0-0.1,.143,0.8-1.0,.800,77,1.6,46,1.0,3.9,1.67
247,Jusuf Nurkic,C,DEN,62,17.8,6.9,2.8-6.2,.446,0.0-0.0,.000,1.4-2.1,.636,50,0.8,86,1.4,2.2,0.58
248,Will Barton,SG,DEN/POR,58,16.9,6.8,2.6-6.1,.425,0.4-1.5,.271,1.3-1.6,.787,81,1.4,61,1.1,4.0,1.33
249,C.J. McCollum,SG,POR,62,15.7,6.8,2.6-5.9,.436,0.9-2.2,.396,0.8-1.2,.699,64,1.0,48,0.8,3.2,1.33
250,Chase Budinger,SF,MIN,67,19.2,6.8,2.5-5.8,.433,0.8-2.1,.364,1.0-1.2,.827,64,1.0,49,0.7,2.4,1.31
251,Cory Joseph,PG,SA,79,18.3,6.8,2.6-5.2,.504,0.2-0.6,.364,1.3-1.8,.734,188,2.4,67,0.8,6.2,2.81
252,Brian Roberts,PG,CHA,72,18.5,6.7,2.4-6.3,.389,0.9-2.7,.321,0.9-1.0,.892,162,2.3,57,0.8,5.8,2.84
253,Adreian Payne,PF,ATL/MIN,32,23.1,6.7,2.8-6.9,.414,0.0-0.3,.111,0.9-1.4,.652,30,0.9,44,1.4,1.9,0.68
254,Darrell Arthur,PF,DEN,58,17.0,6.6,2.7-6.6,.404,0.4-1.9,.236,0.8-1.0,.780,57,1.0,47,0.8,2.8,1.21
255,Aron Baynes,PF,SA,70,16.0,6.6,2.6-4.7,.566,0.0-0.1,.250,1.3-1.5,.865,35,0.5,65,0.9,1.5,0.54
256,Kevin Seraphin,PF,WSH,79,15.6,6.6,2.9-5.7,.513,0.0-0.0,.000,0.7-1.0,.707,59,0.7,98,1.2,2.3,0.60
257,Alexis Ajinca,C,NO,68,14.1,6.5,2.7-4.8,.550,0.0-0.0,.000,1.2-1.5,.818,47,0.7,69,1.0,2.4,0.68
258,Ryan Kelly,PF,LAL,52,23.7,6.4,2.0-5.9,.337,0.9-2.6,.336,1.5-1.8,.832,92,1.8,37,0.7,3.6,2.49
259,Anthony Tolliver,PF,DET/PHX,76,18.8,6.3,2.1-5.2,.410,1.4-3.8,.366,0.7-0.9,.783,59,0.8,51,0.7,2.0,1.16
260,Jerami Grant,SF,PHI,65,21.2,6.3,1.9-5.4,.352,0.8-2.4,.314,1.8-3.0,.591,79,1.2,85,1.3,2.8,0.93
261,Andrew Bogut,C,GS,67,23.6,6.3,3.0-5.3,.563,0.0-0.0,.000,0.3-0.6,.524,180,2.7,106,1.6,5.5,1.70
262,Charlie Villanueva,PF,DAL,64,10.6,6.3,2.3-5.7,.414,1.3-3.5,.376,0.3-0.5,.571,19,0.3,28,0.4,1.3,0.68
263,Ramon Sessions,PG,SAC/WSH,64,18.6,6.3,2.0-5.2,.374,0.3-0.9,.317,2.1-2.7,.769,182,2.8,86,1.3,7.4,2.12
264,Mitch McGary,PF,OKC,32,15.2,6.3,2.8-5.2,.533,0.0-0.1,.000,0.8-1.3,.625,14,0.4,31,1.0,1.4,0.45
265,Jeremy Lamb,SG,OKC,47,13.5,6.3,2.2-5.3,.416,0.8-2.4,.342,1.0-1.2,.891,44,0.9,27,0.6,3.3,1.63
266,Danny Granger,SF,MIA,30,20.4,6.3,2.2-5.4,.401,1.0-2.8,.357,0.9-1.2,.757,17,0.6,24,0.8,1.3,0.71
267,Alex Len,C,PHX,69,22.0,6.3,2.6-5.1,.507,0.0-0.0,.333,1.1-1.5,.702,32,0.5,74,1.1,1.0,0.43
268,Ben Gordon,SG,ORL,56,14.1,6.2,2.3-5.3,.437,0.6-1.7,.361,1.0-1.2,.836,50,0.9,55,1.0,3.0,0.91
269,Shane Larkin,PG,NY,76,24.5,6.2,2.5-5.7,.433,0.5-1.5,.302,0.8-1.0,.782,226,3.0,83,1.1,5.8,2.72
270,Chris Copeland,SF,IND,50,16.6,6.2,2.2-6.2,.361,1.0-3.3,.311,0.7-0.9,.733,51,1.0,59,1.2,3.0,0.86
271,Ish Smith,PG,PHI/OKC,55,15.1,6.1,2.6-6.7,.390,0.3-1.1,.300,0.6-1.0,.596,180,3.3,78,1.4,10.4,2.31
272,T.J. Warren,SF,PHX,40,15.4,6.1,2.8-5.4,.528,0.1-0.5,.238,0.4-0.5,.737,25,0.6,27,0.7,2.0,0.93
273,Jason Thompson,PF,SAC,81,24.6,6.1,2.5-5.3,.470,0.0-0.0,.000,1.1-1.8,.622,85,1.0,84,1.0,2.0,1.01
274,Tony Snell,SF,CHI,72,19.6,6.0,2.2-5.2,.429,1.0-2.7,.371,0.6-0.8,.800,62,0.9,48,0.7,2.1,1.29
275,Tarik Black,C,HOU/LAL,63,19.0,6.0,2.5-4.3,.575,0.0-0.0,.000,1.0-1.9,.551,42,0.7,48,0.8,1.7,0.88
276,Otto Porter Jr.,SF,WSH,74,19.4,6.0,2.4-5.3,.450,0.5-1.4,.337,0.8-1.1,.734,65,0.9,52,0.7,2.2,1.25
277,Kyle Singler,SF,DET/OKC,80,21.8,6.0,2.2-5.6,.386,1.2-3.0,.398,0.5-0.7,.769,85,1.1,55,0.7,2.3,1.55
278,Jonas Jerebko,PF,BOS/DET,75,16.4,6.0,2.3-5.1,.446,0.7-1.9,.386,0.7-0.9,.848,71,0.9,44,0.6,2.8,1.61
279,Meyers Leonard,PF,POR,55,15.4,5.9,2.3-4.5,.510,0.9-2.0,.420,0.5-0.6,.938,32,0.6,39,0.7,1.8,0.82
280,Tyler Johnson,SG,MIA,32,18.8,5.9,2.2-5.2,.419,0.6-1.5,.375,1.0-1.5,.681,42,1.3,30,0.9,3.3,1.40
281,Shaun Livingston,PG,GS,78,18.8,5.9,2.5-5.1,.500,0.0-0.0,.000,0.8-1.2,.714,259,3.3,102,1.3,8.5,2.54
282,Caron Butler,SF,DET,78,20.8,5.9,2.1-5.1,.407,1.1-2.8,.379,0.7-0.8,.902,79,1.0,49,0.6,2.3,1.61
283,Willie Green,SG,ORL,52,18.3,5.9,2.3-5.9,.386,0.8-2.3,.347,0.5-0.7,.824,68,1.3,48,0.9,3.4,1.42
284,Quincy Acy,SF,NY,68,18.9,5.9,2.2-4.9,.459,0.3-0.9,.300,1.1-1.4,.784,68,1.0,60,0.9,2.5,1.13
285,Richard Jefferson,SF,DAL,74,16.8,5.8,1.9-4.4,.444,0.9-2.1,.426,1.1-1.5,.684,61,0.8,52,0.7,2.4,1.17
286,Spencer Hawes,PF,LAC,73,17.5,5.8,2.2-5.7,.393,0.8-2.4,.313,0.6-0.9,.647,88,1.2,61,0.8,3.3,1.44
287,Vince Carter,SG,MEM,66,16.5,5.8,2.0-6.2,.333,1.0-3.5,.297,0.7-0.9,.789,79,1.2,43,0.7,3.5,1.84
288,Kyle O'Quinn,PF,ORL,51,16.2,5.8,2.3-4.7,.492,0.2-0.8,.279,0.9-1.1,.772,59,1.2,55,1.1,3.4,1.07
289,Chris Johnson,SF,MIL/PHI/UTAH,29,18.1,5.7,2.1-5.3,.403,1.0-3.3,.295,0.5-0.6,.875,15,0.5,15,0.5,1.4,1.00
290,Kirk Hinrich,SG,CHI,66,24.4,5.7,2.2-5.8,.373,0.9-2.5,.345,0.5-0.8,.700,148,2.2,73,1.1,4.4,2.03
291,Thomas Robinson,PF,PHI/POR,54,14.8,5.7,2.3-4.8,.485,0.0-0.0,.000,1.0-2.0,.528,33,0.6,59,1.1,2.0,0.56
292,Nate Robinson,PG,DEN/LAC,42,14.1,5.7,2.1-6.1,.345,0.7-2.7,.277,0.7-1.1,.674,97,2.3,30,0.7,7.9,3.23
293,Pero Antic,PF,ATL,63,16.5,5.7,1.7-4.7,.365,0.8-2.7,.301,1.4-2.0,.715,49,0.8,49,0.8,2.3,1.00
294,P.J. Hairston,SG,CHA,45,15.3,5.6,1.9-6.0,.323,1.1-3.6,.301,0.7-0.8,.861,21,0.5,22,0.5,1.5,0.95
295,Archie Goodwin,SG,PHX,41,13.0,5.6,1.9-4.9,.393,0.3-1.0,.293,1.5-2.0,.735,44,1.1,48,1.2,3.9,0.92
296,John Jenkins,SG,ATL,24,12.4,5.6,2.0-4.1,.495,0.9-2.2,.404,0.7-0.8,.842,13,0.5,8,0.3,2.1,1.63
297,Al-Farouq Aminu,SF,DAL,74,18.5,5.6,2.0-4.8,.412,0.5-1.7,.274,1.1-1.6,.712,59,0.8,55,0.7,2.1,1.07
298,Cole Aldrich,C,NY,61,16.0,5.5,2.4-4.9,.478,0.0-0.0,.000,0.8-1.0,.781,75,1.2,59,1.0,3.7,1.27
299,Sean Kilpatrick,SG,MIN,4,18.0,5.5,1.8-5.0,.350,1.0-3.3,.308,1.0-1.0,1.000,4,1.0,2,0.5,2.7,2.00
300,Shelvin Mack,PG,ATL,55,15.1,5.4,2.1-5.3,.401,0.7-2.3,.315,0.5-0.6,.806,155,2.8,49,0.9,8.9,3.16
301,Drew Gooden,PF,WSH,51,16.9,5.4,2.2-5.4,.399,0.5-1.2,.390,0.7-0.9,.773,49,1.0,28,0.5,2.7,1.75
302,Shawne Williams,SF,DET/MIA,63,17.3,5.4,1.9-4.8,.403,1.0-2.8,.360,0.6-0.6,.875,44,0.7,30,0.5,1.9,1.47
303,Cleanthony Early,SF,NY,39,16.6,5.4,1.9-5.5,.355,0.6-2.2,.262,0.9-1.2,.750,36,0.9,40,1.0,2.7,0.90
304,Thabo Sefolosha,SG,ATL,52,18.8,5.3,2.0-4.8,.418,0.5-1.5,.321,0.9-1.1,.776,75,1.4,38,0.7,3.7,1.97
305,Justin Hamilton,C,MIA/MIN,41,17.4,5.3,2.1-4.3,.478,0.2-0.8,.323,1.0-1.1,.830,36,0.9,26,0.6,2.4,1.38
306,Chris Andersen,PF,MIA,60,18.9,5.3,2.0-3.5,.580,0.1-0.2,.308,1.3-1.9,.667,43,0.7,40,0.7,1.8,1.08
307,Bryce Cotton,PG,UTAH,15,10.6,5.3,1.9-4.6,.420,0.5-1.3,.350,1.0-1.2,.833,15,1.0,12,0.8,4.5,1.25
308,Ricky Ledo,SG,DAL/NY,17,14.4,5.3,1.9-5.6,.333,0.6-1.6,.370,0.9-1.3,.727,19,1.1,26,1.5,3.7,0.73
309,Elijah Millsap,SG,UTAH,47,19.7,5.3,1.7-5.1,.340,0.6-1.9,.311,1.2-1.8,.674,58,1.2,67,1.4,3.0,0.87
310,Brandon Davies,PF,BKN/PHI,27,15.7,5.3,2.0-5.1,.401,0.3-1.3,.235,0.9-1.4,.649,30,1.1,29,1.1,3.4,1.03
311,Anthony Bennett,PF,MIN,57,15.7,5.2,2.2-5.2,.421,0.1-0.4,.304,0.7-1.1,.641,48,0.8,36,0.6,2.6,1.33
312,JaKarr Sampson,SG,PHI,74,15.3,5.2,2.0-4.7,.422,0.4-1.7,.244,0.9-1.3,.670,77,1.0,76,1.0,3.3,1.01
313,Kent Bazemore,SG,ATL,75,17.7,5.2,1.9-4.4,.426,0.6-1.8,.364,0.8-1.3,.600,78,1.0,73,1.0,2.8,1.07
314,Tim Frazier,PG,PHI/POR,11,21.7,5.2,1.9-5.5,.344,0.5-1.5,.294,0.9-1.9,.476,60,5.5,25,2.3,12.1,2.40
315,Kosta Koufos,C,MEM,81,16.6,5.2,2.2-4.4,.508,0.0-0.0,.000,0.7-1.0,.647,37,0.5,69,0.9,1.3,0.54
316,Aaron Gordon,PF,ORL,47,17.0,5.2,2.0-4.4,.447,0.3-1.0,.271,0.9-1.3,.721,33,0.7,38,0.8,2.0,0.87
317,Dante Cunningham,PF,NO,66,25.0,5.2,2.3-5.1,.457,0.0-0.2,.100,0.4-0.7,.617,50,0.8,35,0.5,1.5,1.43
318,Ronnie Price,PG,LAL,43,22.8,5.1,1.8-5.2,.345,0.7-2.5,.284,0.8-1.0,.800,165,3.8,52,1.2,8.1,3.17
319,Shabazz Napier,PG,MIA,51,19.8,5.1,1.7-4.5,.382,0.8-2.3,.364,0.9-1.1,.786,130,2.5,81,1.6,6.2,1.60
320,A.J. Price,PG,CLE/IND/PHX,26,12.5,5.1,2.0-5.3,.372,0.6-2.2,.263,0.6-0.9,.667,46,1.8,14,0.5,6.8,3.29
321,James Ennis,SF,MIA,62,17.0,5.0,1.6-4.0,.409,0.5-1.5,.326,1.3-1.5,.840,48,0.8,39,0.6,2.2,1.23
322,Joe Ingles,SF,UTAH,79,21.2,5.0,1.9-4.5,.415,0.9-2.6,.356,0.4-0.5,.750,182,2.3,98,1.2,5.2,1.86
323,Lavoy Allen,PF,IND,63,17.0,5.0,2.2-4.7,.472,0.0-0.0,.000,0.5-0.7,.702,73,1.2,40,0.6,3.3,1.83
324,Luigi Datome,SF,BOS/DET,21,10.0,5.0,2.0-4.2,.483,0.9-1.9,.450,0.0-0.0,1.000,9,0.4,9,0.4,2.1,1.00
325,Mike Muscala,PF,ATL,40,12.6,4.9,2.1-3.8,.550,0.2-0.6,.409,0.6-0.6,.880,25,0.6,21,0.5,2.4,1.19
326,Lou Amundson,PF,CLE/NY,53,17.7,4.9,2.1-4.8,.427,0.0-0.0,.000,0.8-1.6,.471,70,1.3,62,1.2,3.6,1.13
327,Andrew Nicholson,PF,ORL,40,12.3,4.9,2.1-4.8,.437,0.3-1.0,.317,0.4-0.6,.600,22,0.6,24,0.6,2.1,0.92
328,Shawn Marion,SG,CLE,57,19.3,4.8,2.1-4.7,.446,0.2-0.8,.261,0.5-0.6,.765,51,0.9,33,0.6,2.2,1.55
329,Dante Exum,PG,UTAH,82,22.2,4.8,1.8-5.1,.349,1.0-3.2,.314,0.2-0.4,.625,198,2.4,118,1.4,5.2,1.68
330,Matthew Dellavedova,SG,CLE,67,20.6,4.8,1.7-4.6,.362,1.0-2.5,.407,0.4-0.6,.763,204,3.0,61,0.9,7.1,3.34
331,Damjan Rudez,SF,IND,68,15.4,4.8,1.8-3.9,.452,1.0-2.5,.406,0.2-0.3,.696,53,0.8,47,0.7,2.4,1.13
332,Bismack Biyombo,PF,CHA,64,19.4,4.8,1.6-2.9,.543,0.0-0.0,.000,1.6-2.7,.583,16,0.3,52,0.8,0.6,0.31
333,John Lucas III,PG,DET,21,13.0,4.7,2.0-5.0,.404,0.4-1.4,.310,0.2-0.2,1.000,60,2.9,16,0.8,10.6,3.75
334,Jordan Farmar,PG,LAC,36,14.7,4.6,1.7-4.4,.386,1.0-2.7,.361,0.3-0.3,.909,67,1.9,32,0.9,6.1,2.09
335,Sergey Karasev,SG,BKN,33,16.8,4.6,1.6-4.1,.403,0.5-1.6,.296,0.9-1.2,.763,46,1.4,24,0.7,4.0,1.92
336,JaVale McGee,C,DEN/PHI,23,11.1,4.6,1.8-3.4,.532,0.0-0.0,.000,1.0-1.4,.667,3,0.1,18,0.8,0.6,0.17
337,Markel Brown,SG,BKN,47,16.6,4.6,1.6-4.5,.362,0.4-1.4,.266,1.0-1.2,.825,39,0.8,27,0.6,2.4,1.44
338,Robert Sacre,C,LAL,67,16.9,4.6,1.9-4.6,.412,0.0-0.0,.000,0.8-1.2,.671,55,0.8,36,0.5,2.3,1.53
339,Dorell Wright,SF,POR,48,12.4,4.6,1.5-4.0,.379,0.9-2.3,.380,0.7-0.9,.810,41,0.9,18,0.4,3.3,2.28
340,Jannero Pargo,PG,CHA,9,8.1,4.6,1.7-3.9,.429,1.0-2.4,.409,0.2-0.2,1.000,8,0.9,3,0.3,5.3,2.67
341,Jon Leuer,PF,MEM,63,13.1,4.5,1.9-4.3,.443,0.1-0.5,.241,0.6-0.9,.627,46,0.7,35,0.6,2.7,1.31
342,Arinze Onuaku,PF,MIN,6,11.3,4.5,2.0-2.3,.857,0.0-0.0,.000,0.5-1.3,.375,4,0.7,2,0.3,2.8,2.00
343,Alonzo Gee,SF,DEN/POR,54,12.3,4.5,1.6-3.4,.468,0.2-0.6,.371,1.0-1.4,.701,25,0.5,33,0.6,1.8,0.76
344,Robbie Hummel,SF,MIN,45,16.5,4.4,1.8-3.8,.459,0.4-1.1,.314,0.5-0.6,.828,27,0.6,18,0.4,1.7,1.50
345,James Jones,SG,CLE,57,11.7,4.4,1.3-3.5,.368,1.1-3.1,.360,0.7-0.8,.848,24,0.4,13,0.2,1.7,1.85
346,Andre Miller,PG,SAC/WSH,81,15.5,4.4,1.8-3.6,.500,0.1-0.4,.206,0.7-1.0,.753,284,3.5,104,1.3,10.9,2.73
347,Jeff Taylor,SF,CHA,29,14.8,4.4,1.6-3.9,.395,0.4-1.2,.306,0.9-1.4,.634,22,0.8,19,0.7,2.5,1.16
348,Nik Stauskas,SG,SAC,73,15.4,4.4,1.5-4.1,.365,0.7-2.0,.322,0.8-0.9,.859,67,0.9,40,0.5,2.9,1.68
349,Festus Ezeli,C,GS,46,11.0,4.4,1.7-3.0,.547,0.0-0.0,.000,1.1-1.7,.628,9,0.2,32,0.7,0.9,0.28
350,Ian Mahinmi,C,IND,61,18.8,4.3,1.9-3.5,.552,0.0-0.0,.000,0.5-1.7,.304,33,0.5,59,1.0,1.4,0.56
351,Steve Blake,PG,POR,81,18.9,4.3,1.5-4.0,.373,1.0-2.7,.352,0.4-0.5,.707,288,3.6,104,1.3,9.0,2.77
352,Justin Holiday,SG,GS,59,11.1,4.3,1.5-4.0,.387,0.6-1.8,.321,0.6-0.8,.822,48,0.8,29,0.5,3.5,1.66
353,Perry Jones,SF,OKC,43,14.7,4.3,1.7-4.3,.397,0.3-1.4,.233,0.6-0.9,.649,18,0.4,24,0.6,1.4,0.75
354,Spencer Dinwiddie,PG,DET,34,13.4,4.3,1.5-5.0,.302,0.4-1.9,.185,0.9-1.0,.912,104,3.1,33,1.0,11.0,3.15
355,Toney Douglas,PG,NO,12,14.8,4.3,1.6-4.3,.373,0.4-1.5,.278,0.7-1.1,.615,24,2.0,10,0.8,6.5,2.40
356,Josh McRoberts,PF,MIA,17,17.4,4.2,1.6-3.1,.528,0.5-1.1,.421,0.5-0.8,.615,33,1.9,22,1.3,5.4,1.50
357,Kostas Papanikolaou,SF,HOU,43,18.5,4.2,1.6-4.6,.350,0.7-2.5,.292,0.3-0.4,.722,85,2.0,55,1.3,5.1,1.55
358,Kendall Marshall,PG,MIL,28,14.9,4.2,1.6-3.6,.455,0.6-1.6,.391,0.3-0.3,.889,86,3.1,35,1.3,9.9,2.46
359,Udonis Haslem,PF,MIA,62,16.0,4.2,1.7-3.9,.448,0.0-0.2,.200,0.7-1.0,.703,46,0.7,41,0.7,2.2,1.12
360,Lorenzo Brown,PG,MIN,29,18.9,4.2,1.8-4.2,.426,0.2-1.0,.214,0.4-0.7,.632,90,3.1,30,1.0,7.9,3.00
361,Nick Calathes,SG,MEM,58,14.4,4.2,1.8-4.3,.421,0.2-0.7,.256,0.4-0.8,.533,146,2.5,61,1.1,8.4,2.39
362,Nick Collison,PF,OKC,66,16.7,4.1,1.6-3.8,.419,0.2-0.9,.267,0.7-1.0,.692,90,1.4,45,0.7,3.9,2.00
363,James Michael McAdoo,SF,GS,15,9.1,4.1,1.6-2.9,.545,0.0-0.0,.000,0.9-1.7,.560,2,0.1,6,0.4,0.7,0.33
364,Pablo Prigioni,PG,HOU/NY,67,17.9,4.1,1.4-3.4,.399,0.9-2.5,.343,0.5-0.6,.854,171,2.6,62,0.9,6.9,2.76
365,Luke Babbitt,SF,NO,63,13.2,4.1,1.5-3.0,.479,0.9-1.8,.513,0.2-0.3,.684,24,0.4,26,0.4,1.4,0.92
366,Miles Plumlee,C,MIL/PHX,73,16.4,4.0,1.9-3.5,.535,0.0-0.0,.000,0.3-0.6,.478,34,0.5,51,0.7,1.4,0.67
367,Luke Ridnour,PG,ORL,47,14.5,4.0,1.6-3.7,.426,0.4-1.3,.317,0.4-0.4,.857,96,2.0,38,0.8,6.7,2.53
368,Samuel Dalembert,C,NY,32,17.0,4.0,1.8-4.1,.438,0.0-0.0,.000,0.4-0.6,.700,29,0.9,39,1.2,2.6,0.74
369,Shannon Brown,PG,MIA,5,17.8,4.0,1.4-3.8,.368,0.6-1.4,.429,0.6-0.8,.750,3,0.6,4,0.8,1.6,0.75
370,Glen Davis,PF,LAC,74,12.2,4.0,1.6-3.4,.459,0.0-0.1,.000,0.8-1.3,.632,39,0.5,39,0.5,2.1,1.00
371,Garrett Temple,SG,WSH,52,14.2,3.9,1.3-3.3,.400,0.6-1.7,.375,0.7-0.9,.729,56,1.1,34,0.7,3.7,1.65
372,Travis Wear,SF,NY,51,13.2,3.9,1.6-4.1,.402,0.2-0.6,.367,0.4-0.5,.769,40,0.8,35,0.7,2.9,1.14
373,Joffrey Lauvergne,C,DEN,24,11.2,3.9,1.5-3.7,.404,0.1-0.7,.188,0.8-1.2,.643,13,0.5,22,0.9,2.3,0.59
374,Larry Drew II,G,PHI,12,18.3,3.8,1.7-4.8,.345,0.3-2.2,.154,0.2-0.3,.667,45,3.8,25,2.1,9.9,1.80
375,Austin Daye,SF,ATL/SA,34,10.1,3.8,1.5-4.1,.355,0.7-2.1,.338,0.1-0.2,.833,17,0.5,23,0.7,2.4,0.74
376,Reggie Evans,C,SAC,47,16.3,3.7,1.2-2.9,.423,0.0-0.0,.000,1.3-2.1,.619,32,0.7,45,1.0,2.0,0.71
377,Troy Daniels,SG,HOU/MIN/CHA,47,8.4,3.7,1.3-3.5,.370,0.9-2.5,.364,0.2-0.3,.846,22,0.5,20,0.4,2.7,1.10
378,Hedo Turkoglu,SF,LAC,62,11.4,3.7,1.3-3.0,.441,1.0-2.2,.432,0.1-0.2,.545,37,0.6,29,0.5,2.5,1.28
379,Raymond Felton,PG,DAL,29,9.7,3.7,1.5-3.7,.406,0.3-1.2,.294,0.4-0.5,.800,41,1.4,18,0.6,7.0,2.28
380,Matt Bonner,C,SA,72,13.0,3.7,1.3-3.2,.409,0.6-1.8,.365,0.4-0.5,.811,47,0.7,11,0.2,2.4,4.27
381,Tyler Ennis,PG,MIL/PHX,33,12.5,3.7,1.6-4.4,.361,0.4-1.3,.279,0.2-0.2,.714,73,2.2,42,1.3,8.5,1.74
382,Dewayne Dedmon,C,ORL,59,14.3,3.7,1.5-2.7,.562,0.0-0.0,.000,0.6-1.1,.531,9,0.2,51,0.9,0.5,0.18
383,Cory Jefferson,PF,BKN,50,10.6,3.7,1.5-3.3,.449,0.0-0.3,.133,0.6-1.1,.574,16,0.3,20,0.4,1.4,0.80
384,Tyler Hansbrough,PF,TOR,74,14.3,3.6,1.2-2.2,.521,0.0-0.1,.143,1.3-1.9,.698,21,0.3,20,0.3,1.0,1.05
385,Kendrick Perkins,C,CLE/OKC,68,16.9,3.6,1.5-3.3,.449,0.0-0.0,.000,0.6-1.2,.506,51,0.8,95,1.4,2.1,0.54
386,Lester Hudson,SG,LAC,5,11.2,3.6,1.2-2.8,.429,0.6-1.2,.500,0.6-0.8,.750,5,1.0,3,0.6,4.3,1.67
387,Jimmer Fredette,PG,NO,50,10.2,3.6,1.3-3.3,.380,0.2-1.0,.188,0.9-0.9,.956,58,1.2,33,0.7,5.5,1.76
388,Phil Pressey,PG,BOS,50,12.0,3.5,1.3-3.5,.368,0.3-1.3,.246,0.7-1.0,.673,117,2.3,41,0.8,9.4,2.85
389,Jeff Adrien,SF,MIN,17,12.6,3.5,1.1-2.6,.432,0.0-0.0,.000,1.3-2.2,.579,15,0.9,9,0.5,3.3,1.67
390,Joel Freeland,C,POR,48,12.9,3.5,1.5-3.1,.490,0.0-0.0,.000,0.4-0.5,.840,16,0.3,23,0.5,1.2,0.70
391,Maurice Harkless,SF,ORL,45,15.0,3.5,1.4-3.5,.399,0.2-1.2,.179,0.5-0.9,.537,25,0.6,27,0.6,1.8,0.93
392,Gary Harris,SG,DEN,55,13.1,3.4,1.2-3.9,.304,0.4-1.9,.204,0.6-0.9,.745,29,0.5,38,0.7,1.9,0.76
393,Andre Roberson,SG,OKC,67,19.2,3.4,1.4-3.0,.458,0.3-1.3,.247,0.3-0.7,.479,70,1.0,46,0.7,2.6,1.52
394,Erick Green,PG,DEN,43,9.5,3.4,1.4-3.8,.377,0.3-1.1,.298,0.2-0.3,.833,39,0.9,14,0.3,4.6,2.79
395,James Young,SG,BOS,31,10.7,3.4,1.2-3.3,.353,0.5-2.1,.258,0.5-0.9,.552,13,0.4,5,0.2,1.9,2.60
396,Jason Maxiell,PF,CHA,61,14.4,3.3,1.3-3.1,.422,0.0-0.0,.000,0.7-1.2,.577,19,0.3,29,0.5,1.0,0.66
397,Noah Vonleh,PF,CHA,25,10.4,3.3,1.2-3.0,.395,0.2-0.5,.385,0.7-1.0,.692,4,0.2,11,0.4,0.7,0.36
398,Martell Webster,SF,WSH,32,11.0,3.3,0.8-2.8,.264,0.3-1.3,.233,1.5-2.0,.750,17,0.5,22,0.7,2.3,0.77
399,Allen Crabbe,SF,POR,51,13.4,3.3,1.2-3.0,.412,0.6-1.7,.353,0.2-0.3,.750,39,0.8,15,0.3,2.7,2.60
400,Francisco Garcia,SG,HOU,14,14.3,3.2,1.2-4.5,.270,0.7-3.2,.222,0.1-0.3,.250,15,1.1,10,0.7,3.6,1.50
401,Will Bynum,PG,WSH,7,9.6,3.1,1.4-4.4,.323,0.0-1.3,.000,0.3-0.6,.500,18,2.6,8,1.1,12.9,2.25
402,Jerome Jordan,C,BKN,44,8.7,3.1,1.1-2.1,.532,0.0-0.0,.000,0.9-1.0,.864,13,0.3,22,0.5,1.6,0.59
403,Jordan Adams,SG,MEM,30,8.3,3.1,1.2-2.9,.407,0.3-0.8,.400,0.5-0.8,.609,16,0.5,14,0.5,3.1,1.14
404,Dwight Powell,PF,BOS/DAL,29,8.1,3.1,1.1-2.3,.463,0.1-0.4,.273,0.9-1.1,.758,9,0.3,11,0.4,1.8,0.82
405,Doug McDermott,SF,CHI,36,8.9,3.0,1.2-3.0,.402,0.4-1.1,.317,0.3-0.4,.667,6,0.2,17,0.5,0.9,0.35
406,Jarnell Stokes,PF,MEM,19,6.6,3.0,1.1-1.9,.568,0.0-0.0,.000,0.8-1.5,.536,4,0.2,7,0.4,1.5,0.57
407,Ryan Hollins,C,SAC,46,9.6,3.0,1.2-1.8,.646,0.0-0.0,.000,0.7-1.2,.574,14,0.3,25,0.5,1.5,0.56
408,Johnny O'Bryant III,C,MIL,34,10.8,2.9,1.3-3.5,.367,0.0-0.0,.000,0.4-0.8,.444,17,0.5,25,0.7,2.2,0.68
409,Quincy Miller,SF,DET/SAC,10,11.9,2.9,0.9-3.8,.237,0.3-1.8,.167,0.8-1.1,.727,8,0.8,5,0.5,3.2,1.60
410,Shayne Whittington,PF,IND,20,5.4,2.9,1.0-2.1,.452,0.1-0.3,.167,0.9-1.2,.783,6,0.3,5,0.3,2.7,1.20
411,Elliot Williams,SG,NO/UTAH,13,9.2,2.8,1.1-2.8,.378,0.6-1.4,.444,0.1-0.3,.250,12,0.9,4,0.3,4.8,3.00
412,Bernard James,C,DAL,16,9.9,2.8,0.8-1.7,.444,0.0-0.0,.000,1.3-1.4,.870,4,0.3,6,0.4,1.2,0.67
413,Jordan Hamilton,SG,LAC,14,8.7,2.7,1.0-2.5,.400,0.7-1.5,.476,0.0-0.0,.000,7,0.5,4,0.3,2.8,1.75
414,Earl Clark,SF,BKN,10,9.3,2.7,1.1-3.0,.367,0.4-1.4,.286,0.1-0.4,.250,3,0.3,6,0.6,1.5,0.50
415,Jeff Ayres,PF,SA,51,7.5,2.7,1.1-1.9,.579,0.0-0.0,.000,0.5-0.7,.750,14,0.3,26,0.5,1.8,0.54
416,Joey Dorsey,PF,HOU,69,12.4,2.7,1.2-2.1,.552,0.0-0.0,.000,0.3-1.2,.289,25,0.4,41,0.6,1.4,0.61
417,Joe Harris,SG,CLE,51,9.7,2.7,0.9-2.4,.400,0.6-1.6,.369,0.2-0.3,.600,26,0.5,27,0.5,2.5,0.96
418,Elton Brand,PF,ATL,36,13.5,2.7,1.2-2.6,.442,0.0-0.0,.000,0.3-0.6,.522,22,0.6,18,0.5,2.2,1.22
419,Clint Capela,C,HOU,12,7.5,2.7,1.2-2.4,.483,0.0-0.0,.000,0.3-1.9,.174,2,0.2,5,0.4,1.1,0.40
420,David Stockton,PG,SAC,3,11.0,2.7,0.7-2.0,.333,0.3-0.7,.500,1.0-2.0,.500,9,3.0,4,1.3,13.1,2.25
421,E'Twaun Moore,SG,CHI,56,9.0,2.7,1.1-2.5,.446,0.2-0.7,.342,0.2-0.4,.600,33,0.6,14,0.3,3.1,2.36
422,Jorge Gutierrez,PG,MIL/BKN,20,8.8,2.7,1.1-2.1,.537,0.0-0.2,.000,0.5-0.7,.692,22,1.1,12,0.6,6.0,1.83
423,Jeff Withey,C,NO,37,7.0,2.6,0.9-1.7,.500,0.0-0.0,.000,0.9-1.4,.680,11,0.3,12,0.3,2.0,0.92
424,Malcolm Thomas,PF,PHI,17,11.4,2.6,1.1-2.4,.450,0.0-0.4,.000,0.5-0.8,.692,7,0.4,13,0.8,1.7,0.54
425,Nick Johnson,SG,HOU,28,9.4,2.6,0.9-2.7,.347,0.2-0.8,.238,0.6-0.9,.680,11,0.4,19,0.7,2.0,0.58
426,JaMychal Green,PF,SA/MEM,24,6.8,2.6,1.1-2.0,.574,0.0-0.3,.000,0.3-0.4,.800,4,0.2,14,0.6,1.2,0.29
427,Russ Smith,PG,NO/MEM,12,5.4,2.5,0.7-2.1,.320,0.2-0.9,.182,1.0-1.1,.923,8,0.7,12,1.0,5.9,0.67
428,Victor Claver,PF,POR,10,7.6,2.4,0.9-2.0,.450,0.6-1.1,.545,0.0-0.0,.000,1,0.1,4,0.4,0.6,0.25
429,Jeremy Evans,SF,UTAH,38,7.0,2.4,0.8-1.5,.552,0.1-0.1,.400,0.6-0.8,.828,13,0.3,5,0.1,2.3,2.60
430,Devyn Marble,SF,ORL,16,13.0,2.3,0.9-2.8,.318,0.3-1.4,.182,0.3-1.0,.313,17,1.1,9,0.6,3.9,1.89
431,Furkan Aldemir,PF,PHI,41,13.2,2.3,1.0-1.9,.513,0.0-0.1,.000,0.3-0.7,.481,28,0.7,17,0.4,2.5,1.65
432,Kyle Anderson,SF,SA,33,10.8,2.2,0.9-2.7,.348,0.1-0.3,.273,0.3-0.4,.643,28,0.8,10,0.3,3.8,2.80
433,Xavier Henry,SG,LAL,9,9.6,2.2,0.3-1.4,.231,0.0-0.0,.000,1.6-2.7,.583,3,0.3,3,0.3,1.7,1.00
434,Glen Rice Jr.,SG,WSH,5,8.6,2.2,0.6-3.0,.200,0.2-1.4,.143,0.8-1.2,.667,2,0.4,2,0.4,2.2,1.00
435,Darius Morris,PG,BKN,38,7.9,2.2,0.9-2.8,.340,0.2-0.9,.212,0.1-0.2,.444,48,1.3,21,0.6,7.7,2.29
436,Mike Miller,SG,CLE,52,13.5,2.1,0.7-2.2,.325,0.6-1.9,.327,0.1-0.1,.750,46,0.9,23,0.4,3.1,2.00
437,Glenn Robinson III,SG,MIN/PHI,35,7.5,2.1,0.7-1.9,.388,0.1-0.5,.263,0.5-0.7,.667,11,0.3,11,0.3,2.0,1.00
438,John Salmons,SF,NO,21,12.9,2.0,0.8-2.3,.333,0.4-1.2,.308,0.1-0.2,.500,13,0.6,5,0.2,2.3,2.60
439,Nate Wolters,PG,NO/MIL,21,11.8,2.0,1.0-2.7,.351,0.0-0.3,.000,0.1-0.3,.333,21,1.0,13,0.6,4.1,1.62
440,Earl Barron,C,PHX,16,8.9,2.0,0.8-2.4,.308,0.1-0.3,.500,0.4-0.8,.500,5,0.3,5,0.3,1.7,1.00
441,Grant Jerrett,PF,OKC/UTAH,8,6.4,2.0,0.9-3.3,.269,0.1-1.9,.067,0.1-0.1,1.000,3,0.4,3,0.4,2.8,1.00
442,Tyrus Thomas,PF,MEM,2,3.5,2.0,0.5-0.5,1.000,0.0-0.0,.000,1.0-1.0,1.000,1,0.5,0,0.0,6.9,0.00
443,Julius Randle,PF,LAL,1,14.0,2.0,1.0-3.0,.333,0.0-0.0,.000,0.0-2.0,.000,0,0.0,1,1.0,0.0,0.00
444,C.J. Wilcox,SG,LAC,21,4.8,2.0,0.8-1.8,.421,0.3-0.9,.368,0.1-0.1,1.000,8,0.4,10,0.5,3.8,0.80
445,DeJuan Blair,C,WSH,29,6.2,1.9,0.9-2.0,.456,0.0-0.0,.000,0.1-0.2,.667,3,0.1,13,0.4,0.8,0.23
446,Reggie Bullock,SF,LAC/PHX,36,9.4,1.9,0.7-1.9,.343,0.4-1.3,.326,0.2-0.3,.667,8,0.2,8,0.2,1.1,1.00
447,Greg Smith,PF,DAL,42,8.6,1.9,0.7-1.2,.612,0.0-0.0,.000,0.5-0.9,.513,9,0.2,11,0.3,1.2,0.82
448,Ian Clark,SG,DEN/UTAH,30,6.4,1.9,0.6-1.8,.345,0.3-1.0,.333,0.3-0.3,1.000,12,0.4,9,0.3,3.0,1.33
449,Drew Gordon,C,PHI,9,7.9,1.9,0.9-2.1,.421,0.0-0.3,.000,0.1-0.2,.500,2,0.2,8,0.9,1.4,0.25
450,Will Cherry,PG,CLE,8,8.6,1.9,0.6-2.4,.263,0.3-1.1,.222,0.4-0.8,.500,8,1.0,4,0.5,5.6,2.00
451,Reggie Williams,SF,SA,20,5.3,1.9,0.8-2.0,.385,0.2-1.0,.158,0.2-0.2,1.000,10,0.5,2,0.1,4.6,5.00
452,Jared Cunningham,SG,LAC,19,4.7,1.8,0.6-1.7,.364,0.2-0.7,.308,0.4-0.7,.538,10,0.5,7,0.4,5.4,1.43
453,Kenyon Martin,PF,MIL,11,9.5,1.8,0.8-2.0,.409,0.0-0.0,.000,0.2-0.2,1.000,5,0.5,3,0.3,2.3,1.67
454,Steve Novak,SF,OKC/UTAH,35,5.6,1.8,0.6-1.6,.393,0.5-1.4,.396,0.0-0.1,.000,11,0.3,5,0.1,2.7,2.20
455,Joel Anthony,C,DET,49,8.3,1.8,0.7-1.3,.581,0.0-0.0,.000,0.3-0.4,.682,5,0.1,12,0.2,0.6,0.42
456,Landry Fields,SG,TOR,26,8.3,1.8,0.8-1.6,.488,0.0-0.1,.500,0.2-0.2,.833,15,0.6,8,0.3,3.3,1.88
457,Zoran Dragic,SG,MIA/PHX,16,4.7,1.8,0.7-1.9,.367,0.2-0.9,.214,0.2-0.3,.600,5,0.3,5,0.3,3.2,1.00
458,Chuck Hayes,PF,TOR,29,8.8,1.7,0.8-1.6,.478,0.0-0.0,.000,0.2-0.4,.545,20,0.7,8,0.3,3.8,2.50
459,Jack Cooley,SF,UTAH,16,5.4,1.7,0.6-1.4,.409,0.0-0.0,.000,0.6-1.3,.429,1,0.1,3,0.2,0.6,0.33
460,Miroslav Raduljica,C,MIN,5,4.6,1.6,0.6-1.6,.375,0.0-0.0,.000,0.4-0.4,1.000,0,0.0,2,0.4,0.0,0.00
461,Brendan Haywood,C,CLE,22,5.4,1.6,0.6-1.4,.467,0.0-0.0,.000,0.3-0.6,.538,2,0.1,10,0.5,0.8,0.20
462,Chris Douglas-Roberts,SG,LAC,12,8.6,1.6,0.4-1.8,.238,0.1-0.6,.143,0.7-0.7,1.000,4,0.3,0,0.0,1.9,0.00
463,Cartier Martin,PF,DET,23,8.6,1.6,0.7-2.3,.283,0.3-1.4,.182,0.0-0.0,.000,11,0.5,5,0.2,2.7,2.20
464,Jerel McNeal,SG,PHX,6,6.0,1.5,0.5-1.8,.273,0.2-0.3,.500,0.3-0.3,1.000,2,0.3,5,0.8,2.7,0.40
465,Gal Mekel,PG,NO,4,10.8,1.5,0.8-5.0,.150,0.0-0.8,.000,0.0-0.0,.000,13,3.3,2,0.5,14.5,6.50
466,Patrick Christopher,SG,UTAH,4,7.3,1.5,0.8-3.0,.250,0.0-1.0,.000,0.0-0.0,.000,0,0.0,1,0.3,0.0,0.00
467,Ognjen Kuzmic,C,GS,16,4.5,1.3,0.5-0.8,.667,0.0-0.0,.000,0.3-0.3,1.000,6,0.4,5,0.3,4.0,1.20
468,Bruno Caboclo,SF,TOR,8,2.9,1.3,0.5-1.5,.333,0.3-0.4,.667,0.0-0.0,.000,0,0.0,4,0.5,0.0,0.00
469,Toure' Murry,SF,UTAH/WSH,5,3.6,1.2,0.4-1.0,.400,0.0-0.0,.000,0.4-0.4,1.000,1,0.2,4,0.8,2.7,0.25
470,Nazr Mohammed,C,CHI,23,5.6,1.2,0.6-1.3,.433,0.0-0.0,.000,0.0-0.1,.333,3,0.1,7,0.3,1.1,0.43
471,Shavlik Randolph,PF,BOS/PHX,21,6.0,1.1,0.4-1.7,.257,0.0-0.2,.000,0.3-0.6,.500,4,0.2,3,0.1,1.5,1.33
472,Gerald Wallace,SF,BOS,32,8.9,1.1,0.4-1.1,.412,0.0-0.1,.333,0.2-0.5,.400,11,0.3,18,0.6,1.8,0.61
473,Lucas Nogueira,C,TOR,6,3.8,1.0,0.3-1.3,.250,0.0-0.0,.000,0.3-0.7,.500,1,0.2,2,0.3,2.1,0.50
474,Jamaal Franklin,SG,DEN,3,4.3,1.0,0.3-0.7,.500,0.3-0.7,.500,0.0-0.0,.000,3,1.0,3,1.0,11.1,1.00
475,Brandon Rush,SG,GS,33,8.2,0.9,0.3-1.6,.204,0.1-0.8,.111,0.2-0.3,.455,12,0.4,11,0.3,2.1,1.09
476,Ekpe Udoh,PF,LAC,33,3.9,0.9,0.3-0.7,.458,0.0-0.0,.000,0.2-0.3,.778,8,0.2,7,0.2,3.0,1.14
477,Greg Stiemsma,C,TOR,17,3.9,0.8,0.4-0.5,.750,0.0-0.0,.000,0.1-0.2,.500,3,0.2,7,0.4,2.2,0.43
478,Alex Kirk,C,CLE,5,2.8,0.8,0.2-0.8,.250,0.0-0.0,.000,0.4-0.4,1.000,1,0.2,0,0.0,3.4,0.00
479,Andre Dawkins,SG,MIA,4,5.5,0.8,0.3-1.5,.167,0.3-1.5,.167,0.0-0.0,.000,1,0.3,1,0.3,2.2,1.00
480,Eric Moreland,PF,SAC,3,0.7,0.7,0.3-0.3,1.000,0.0-0.0,.000,0.0-0.0,.000,0,0.0,0,0.0,0.0,0.00
481,Sim Bhullar,C,SAC,3,1.0,0.7,0.3-0.7,.500,0.0-0.0,.000,0.0-0.0,.000,1,0.3,0,0.0,16.0,0.00
482,Dahntay Jones,SG,LAC,33,3.7,0.6,0.2-0.6,.286,0.0-0.1,.000,0.3-0.3,.818,2,0.1,1,0.0,0.8,2.00
483,Cameron Bairstow,PF,CHI,18,3.6,0.6,0.2-0.8,.214,0.0-0.0,.000,0.2-0.3,.800,1,0.1,3,0.2,0.8,0.33
484,Andrei Kirilenko,SF,BKN,7,5.1,0.4,0.0-0.7,.000,0.0-0.0,.000,0.4-0.6,.750,1,0.1,1,0.1,1.3,1.00
485,Darius Miller,SF,NO,5,8.6,0.4,0.2-1.4,.143,0.0-0.2,.000,0.0-0.0,.000,2,0.4,1,0.2,2.2,2.00
486,Ronny Turiaf,C,MIN,2,9.5,0.0,0.0-0.0,.000,0.0-0.0,.000,0.0-0.0,.000,2,1.0,0,0.0,5.1,0.00
487,Malcolm Lee,SG,PHI,1,2.0,0.0,0.0-1.0,.000,0.0-0.0,.000,0.0-0.0,.000,0,0.0,0,0.0,0.0,0.00
488,Kalin Lucas,PG,MEM,1,6.0,0.0,0.0-1.0,.000,0.0-0.0,.000,0.0-0.0,.000,0,0.0,0,0.0,0.0,0.00
489,Seth Curry,SG,PHX,2,4.0,0.0,0.0-1.5,.000,0.0-0.5,.000,0.0-0.0,.000,1,0.5,0,0.0,6.0,0.00
490,David Wear,PF,SAC,2,3.5,0.0,0.0-1.0,.000,0.0-0.5,.000,0.0-0.0,.000,1,0.5,0,0.0,6.9,0.00
491,Jerrelle Benimon,PF,UTAH,2,1.5,0.0,0.0-0.0,.000,0.0-0.0,.000,0.0-0.0,.000,0,0.0,1,0.5,0.0,0.00
